{"type":"FaceSuit","name":"Boy_Madhatter_Export","slots_count":3,"attachments":{"Head":{"Head":{"x":65.59,"y":-1.42,"rotation":-89.08,"width":113,"height":125}},"Mouth":{"Mouth_basic_00":{"x":9.05,"y":-1.1,"rotation":-89.08,"width":22,"height":9},"Mouth_basic_01":{"x":9.05,"y":-1.1,"rotation":-89.08,"width":19,"height":14},"Mouth_basic_02":{"x":9.05,"y":-1.1,"rotation":-89.08,"width":19,"height":17}},"Eyes":{"Eye_Basicopen_00":{"x":18.48,"y":-0.99,"rotation":-89.53,"width":73,"height":40},"Eye_Basicclose_00":{"x":18.48,"y":-0.99,"rotation":-89.53,"width":73,"height":39},"Eye_Basicdoubt_00":{"x":18.48,"y":-0.99,"rotation":-89.53,"width":76,"height":40},"Eye_Basicwink_00":{"x":18.48,"y":-0.99,"rotation":-89.53,"width":73,"height":40}}},"Ver":"1.1"}