{
  "name": "Export",
  "bones": [{
    "name": "Root",
    "color": "1aff00ff"
  }, {
    "name": "Bubble",
    "parent": "Root",
    "length": 45,
    "x": 80,
    "y": 310,
    "rotation": 90,
    "color": "1aff00ff"
  }, {
    "name": "Bubble_Name",
    "parent": "Root",
    "length": 50,
    "x": 80,
    "y": 317,
    "rotation": 90,
    "color": "1aff00ff"
  }, {
    "name": "Hip",
    "parent": "Root",
    "x": -3.24,
    "y": 129.7,
    "color": "1aff00ff"
  }, {
    "name": "Backbone01",
    "parent": "Hip",
    "length": 20.04,
    "x": -0.43,
    "y": 9.74,
    "rotation": 91.74,
    "color": "1aff00ff"
  }, {
    "name": "Backbone02",
    "parent": "Backbone01",
    "length": 32.71,
    "x": 19.89,
    "y": 0.23,
    "rotation": -0.9,
    "color": "1aff00ff"
  }, {
    "name": "Backbone03",
    "parent": "Backbone02",
    "length": 48.48,
    "x": 34.23,
    "y": 0.13,
    "rotation": -3.35,
    "color": "1aff00ff"
  }, {
    "name": "Back_Ornament",
    "parent": "Backbone03",
    "length": 15.23,
    "x": 31.22,
    "y": 2.31,
    "rotation": 6.03,
    "color": "1aff00ff"
  }, {
    "name": "Head",
    "parent": "Backbone03",
    "length": 131.12,
    "x": 51.5,
    "rotation": 1.59,
    "color": "1aff00ff"
  }, {
    "name": "Eyes",
    "parent": "Head",
    "length": 29.23,
    "x": 48.96,
    "y": 6.97,
    "rotation": 0.45,
    "color": "1aff00ff"
  }, {
    "name": "Face_Ornament",
    "parent": "Eyes",
    "length": 27.3,
    "x": -4.69,
    "y": 5.64,
    "color": "1aff00ff"
  }, {
    "name": "Fringe_Back",
    "parent": "Head",
    "length": 76.2,
    "x": 124.67,
    "y": -1.92,
    "rotation": -179.09,
    "color": "1aff00ff"
  }, {
    "name": "Fringe_Front",
    "parent": "Fringe_Back",
    "length": 40,
    "x": -0.36,
    "y": -8.45,
    "rotation": 360.01,
    "color": "1aff00ff"
  }, {
    "name": "Hair_Left01",
    "parent": "Fringe_Back",
    "length": 29.45,
    "x": 26.46,
    "y": 42.27,
    "rotation": 13.35,
    "color": "1aff00ff"
  }, {
    "name": "Hair_Left02",
    "parent": "Hair_Left01",
    "length": 37.29,
    "x": 29.38,
    "y": 0.13,
    "rotation": -13.69,
    "color": "1aff00ff"
  }, {
    "name": "Hair_Left03",
    "parent": "Hair_Left02",
    "length": 34.76,
    "x": 37.16,
    "y": -0.03,
    "rotation": 0.5,
    "color": "1aff00ff"
  }, {
    "name": "Hair_Left04",
    "parent": "Hair_Left03",
    "length": 33.73,
    "x": 35.89,
    "y": -0.05,
    "rotation": 0.42,
    "color": "1aff00ff"
  }, {
    "name": "Hair_Left05",
    "parent": "Hair_Left04",
    "length": 35.81,
    "x": 32.33,
    "y": -0.21,
    "rotation": -0.39,
    "color": "1aff00ff"
  }, {
    "name": "Hair_Left06",
    "parent": "Hair_Left05",
    "length": 36.07,
    "x": 35.81,
    "y": -0.12,
    "rotation": 1.44,
    "color": "1aff00ff"
  }, {
    "name": "Hair_Right01",
    "parent": "Fringe_Back",
    "length": 29.56,
    "x": 26.44,
    "y": -51.86,
    "rotation": -6.41,
    "color": "1aff00ff"
  }, {
    "name": "Hair_Right02",
    "parent": "Hair_Right01",
    "length": 37.18,
    "x": 29.41,
    "y": 0.21,
    "rotation": 6.68,
    "color": "1aff00ff"
  }, {
    "name": "Hair_Right03",
    "parent": "Hair_Right02",
    "length": 35.35,
    "x": 37.16,
    "y": -0.06,
    "rotation": -0.49,
    "color": "1aff00ff"
  }, {
    "name": "Hair_Right04",
    "parent": "Hair_Right03",
    "length": 32.88,
    "x": 35.98,
    "y": -0.1,
    "rotation": 0.08,
    "color": "1aff00ff"
  }, {
    "name": "Hair_Right05",
    "parent": "Hair_Right04",
    "length": 34.87,
    "x": 32.51,
    "y": -0.19,
    "color": "1aff00ff"
  }, {
    "name": "Hair_Right06",
    "parent": "Hair_Right05",
    "length": 35.1,
    "x": 34.87,
    "y": -0.1,
    "color": "1aff00ff"
  }, {
    "name": "Hair_Back01",
    "parent": "Head",
    "length": 45.88,
    "x": 124.46,
    "y": -6.28,
    "rotation": -179.56,
    "color": "1aff00ff"
  }, {
    "name": "Hair_Back02",
    "parent": "Hair_Back01",
    "length": 51.84,
    "x": 45.68,
    "y": 0.17,
    "rotation": -0.21,
    "color": "1aff00ff"
  }, {
    "name": "Hair_Back03",
    "parent": "Hair_Back02",
    "length": 56.23,
    "x": 51.96,
    "y": 0.12,
    "rotation": 0.64,
    "color": "1aff00ff"
  }, {
    "name": "Hair_Back04",
    "parent": "Hair_Back03",
    "length": 42.32,
    "x": 55.73,
    "y": 0.18,
    "rotation": -0.46,
    "color": "1aff00ff"
  }, {
    "name": "Hair_Back05",
    "parent": "Hair_Back04",
    "length": 40.13,
    "x": 41.84,
    "y": 0.04,
    "rotation": 1.42,
    "color": "1aff00ff"
  }, {
    "name": "Head_Dress",
    "parent": "Head",
    "length": 44.39,
    "x": 125.07,
    "y": -1.67,
    "rotation": 0.82,
    "color": "1aff00ff"
  }, {
    "name": "Mouth",
    "parent": "Head",
    "length": 16.54,
    "x": 17.38,
    "y": 6.84,
    "color": "1aff00ff"
  }, {
    "name": "Upperarm_Left01",
    "parent": "Backbone03",
    "length": 24.65,
    "x": 43.18,
    "y": -32.66,
    "rotation": -164.42,
    "color": "1aff00ff"
  }, {
    "name": "Upperarm_Left02",
    "parent": "Upperarm_Left01",
    "length": 19.1,
    "x": 24.78,
    "y": 0.16,
    "rotation": -0.36,
    "color": "1aff00ff"
  }, {
    "name": "Upperarm_Left03",
    "parent": "Upperarm_Left02",
    "length": 19.28,
    "x": 19.14,
    "y": -0.08,
    "rotation": -1.52,
    "color": "1aff00ff"
  }, {
    "name": "Forearm_Left01",
    "parent": "Upperarm_Left03",
    "length": 23.19,
    "x": 13.74,
    "y": -0.03,
    "rotation": -0.62,
    "color": "1aff00ff"
  }, {
    "name": "Forearm_Left02",
    "parent": "Forearm_Left01",
    "length": 19.39,
    "x": 22.55,
    "y": 0.01,
    "rotation": -2.63,
    "color": "1aff00ff"
  }, {
    "name": "Hand_Left",
    "parent": "Forearm_Left02",
    "length": 16.44,
    "x": 21.91,
    "y": -0.04,
    "rotation": -3.16,
    "color": "1aff00ff"
  }, {
    "name": "Upperarm_Right01",
    "parent": "Backbone03",
    "length": 24.91,
    "x": 40.83,
    "y": 24.04,
    "rotation": 165.89,
    "color": "1aff00ff"
  }, {
    "name": "Upperarm_Right02",
    "parent": "Upperarm_Right01",
    "length": 19.13,
    "x": 24.79,
    "y": 0.2,
    "rotation": 6.49,
    "color": "1aff00ff"
  }, {
    "name": "Upperarm_Right03",
    "parent": "Upperarm_Right02",
    "length": 19.35,
    "x": 19.13,
    "y": -0.1,
    "rotation": -1.13,
    "color": "1aff00ff"
  }, {
    "name": "Forearm_Right01",
    "parent": "Upperarm_Right03",
    "length": 23.12,
    "x": 14.27,
    "rotation": 1.23,
    "color": "1aff00ff"
  }, {
    "name": "Forearm_Right02",
    "parent": "Forearm_Right01",
    "length": 19.29,
    "x": 23.29,
    "y": 0.12,
    "rotation": 2.77,
    "color": "1aff00ff"
  }, {
    "name": "Hand_Right",
    "parent": "Forearm_Right02",
    "length": 16.32,
    "x": 22.85,
    "y": -0.3,
    "rotation": 1.36,
    "color": "1aff00ff"
  }, {
    "name": "Belt",
    "parent": "Hip",
    "length": 33.12,
    "x": -0.77,
    "y": 21.36,
    "rotation": -179.53,
    "color": "1aff00ff"
  }, {
    "name": "Backbone00",
    "parent": "Belt",
    "length": 25.48,
    "x": -0.25,
    "y": 12.25,
    "rotation": 90.45,
    "color": "1aff00ff"
  }, {
    "name": "Pants_Left01",
    "parent": "Backbone00",
    "length": 28.57,
    "x": 7.87,
    "y": 22.47,
    "color": "1aff00ff"
  }, {
    "name": "Pants_Left02",
    "parent": "Pants_Left01",
    "length": 25.94,
    "x": 28.08,
    "y": -0.06,
    "color": "1aff00ff"
  }, {
    "name": "Pants_Left03",
    "parent": "Pants_Left02",
    "length": 24.37,
    "x": 25.88,
    "y": -0.03,
    "color": "1aff00ff"
  }, {
    "name": "Pants_Left04",
    "parent": "Pants_Left03",
    "length": 25.98,
    "x": 24.38,
    "y": -0.05,
    "color": "1aff00ff"
  }, {
    "name": "Pants_Left05",
    "parent": "Pants_Left04",
    "length": 19.16,
    "x": 26.14,
    "y": -0.07,
    "rotation": -1.3,
    "color": "1aff00ff"
  }, {
    "name": "Foot_Left",
    "parent": "Pants_Left05",
    "length": 16.67,
    "x": 19.27,
    "y": 0.03,
    "rotation": -67.73,
    "color": "1aff00ff"
  }, {
    "name": "Pants_Right01",
    "parent": "Backbone00",
    "length": 27.9,
    "x": 7.22,
    "y": -19.92,
    "rotation": 360,
    "color": "1aff00ff"
  }, {
    "name": "Pants_Right02",
    "parent": "Pants_Right01",
    "length": 26.27,
    "x": 27.91,
    "y": -0.1,
    "color": "1aff00ff"
  }, {
    "name": "Pants_Right03",
    "parent": "Pants_Right02",
    "length": 25.02,
    "x": 26.17,
    "y": -0.03,
    "color": "1aff00ff"
  }, {
    "name": "Pants_Right04",
    "parent": "Pants_Right03",
    "length": 24.96,
    "x": 25,
    "y": -0.05,
    "color": "1aff00ff"
  }, {
    "name": "Pants_Right05",
    "parent": "Pants_Right04",
    "length": 19.77,
    "x": 25.32,
    "y": -0.04,
    "rotation": -1.35,
    "color": "1aff00ff"
  }, {
    "name": "Foot_Right",
    "parent": "Pants_Right05",
    "length": 15.63,
    "x": 19.23,
    "y": -0.13,
    "rotation": -63.66,
    "color": "1aff00ff"
  }, {
    "name": "Skirt_Front_Left01",
    "parent": "Backbone00",
    "length": 30.43,
    "x": -6.48,
    "y": 24.02,
    "rotation": 7.65,
    "color": "1aff00ff"
  }, {
    "name": "Skirt_Front_Left02",
    "parent": "Skirt_Front_Left01",
    "length": 29.08,
    "x": 30.35,
    "y": -0.11,
    "rotation": -3.24,
    "color": "1aff00ff"
  }, {
    "name": "Skirt_Front_Left03",
    "parent": "Skirt_Front_Left02",
    "length": 27.76,
    "x": 29.17,
    "y": 0.11,
    "rotation": -0.57,
    "color": "1aff00ff"
  }, {
    "name": "Skirt_Front_Left04",
    "parent": "Skirt_Front_Left03",
    "length": 25.82,
    "x": 27.87,
    "y": -0.11,
    "rotation": -0.9,
    "color": "1aff00ff"
  }, {
    "name": "Skirt_Front_Left05",
    "parent": "Skirt_Front_Left04",
    "length": 24.56,
    "x": 25.95,
    "y": 0.12,
    "rotation": -2.25,
    "color": "1aff00ff"
  }, {
    "name": "Skirt_Front_Right01",
    "parent": "Backbone00",
    "length": 30.32,
    "x": -6.52,
    "y": -19.75,
    "rotation": -7.48,
    "color": "1aff00ff"
  }, {
    "name": "Skirt_Front_Right02",
    "parent": "Skirt_Front_Right01",
    "length": 29.04,
    "x": 30.33,
    "y": -0.08,
    "color": "1aff00ff"
  }, {
    "name": "Skirt_Front_Right03",
    "parent": "Skirt_Front_Right02",
    "length": 28.13,
    "x": 29.19,
    "y": 0.1,
    "rotation": -0.45,
    "color": "1aff00ff"
  }, {
    "name": "Skirt_Front_Right04",
    "parent": "Skirt_Front_Right03",
    "length": 26,
    "x": 27.89,
    "y": -0.08,
    "rotation": 3.6,
    "color": "1aff00ff"
  }, {
    "name": "Skirt_Front_Right05",
    "parent": "Skirt_Front_Right04",
    "length": 24.56,
    "x": 25.91,
    "y": 0.15,
    "rotation": 0.47,
    "color": "1aff00ff"
  }, {
    "name": "Skirt_Left01",
    "parent": "Backbone00",
    "length": 30.21,
    "x": -6.64,
    "y": 26.84,
    "rotation": 7.1,
    "color": "1aff00ff"
  }, {
    "name": "Skirt_Left02",
    "parent": "Skirt_Left01",
    "length": 29.12,
    "x": 30.37,
    "y": -0.1,
    "rotation": -3.27,
    "color": "1aff00ff"
  }, {
    "name": "Skirt_Left03",
    "parent": "Skirt_Left02",
    "length": 27.79,
    "x": 29.15,
    "y": 0.09,
    "rotation": -0.49,
    "color": "1aff00ff"
  }, {
    "name": "Skirt_Left04",
    "parent": "Skirt_Left03",
    "length": 25.8,
    "x": 27.92,
    "y": -0.08,
    "rotation": -0.96,
    "color": "1aff00ff"
  }, {
    "name": "Skirt_Left05",
    "parent": "Skirt_Left04",
    "length": 24.43,
    "x": 25.91,
    "y": 0.08,
    "rotation": -2.2,
    "color": "1aff00ff"
  }, {
    "name": "Skirt_Right01",
    "parent": "Backbone00",
    "length": 30.34,
    "x": -7.38,
    "y": -21.78,
    "rotation": -7.62,
    "color": "1aff00ff"
  }, {
    "name": "Skirt_Right02",
    "parent": "Skirt_Right01",
    "length": 29.2,
    "x": 30.37,
    "y": -0.09,
    "rotation": 0.15,
    "color": "1aff00ff"
  }, {
    "name": "Skirt_Right03",
    "parent": "Skirt_Right02",
    "length": 27.96,
    "x": 29.17,
    "y": 0.04,
    "rotation": -0.47,
    "color": "1aff00ff"
  }, {
    "name": "Skirt_Right04",
    "parent": "Skirt_Right03",
    "length": 25.81,
    "x": 27.87,
    "y": -0.09,
    "rotation": 3.5,
    "color": "1aff00ff"
  }, {
    "name": "Skirt_Right05",
    "parent": "Skirt_Right04",
    "length": 24.48,
    "x": 25.97,
    "y": 0.11,
    "rotation": 0.46,
    "color": "1aff00ff"
  }, {
    "name": "Tail01",
    "parent": "Backbone00",
    "length": 25.93,
    "x": -5.38,
    "y": 18.46,
    "rotation": 417.52,
    "color": "1aff00ff"
  }, {
    "name": "Tail02",
    "parent": "Tail01",
    "length": 25.93,
    "x": 25.92,
    "rotation": 331.18,
    "color": "1aff00ff"
  }, {
    "name": "Tail03",
    "parent": "Tail02",
    "length": 25.93,
    "x": 25.93,
    "rotation": 333.76,
    "color": "1aff00ff"
  }, {
    "name": "Tail04",
    "parent": "Tail03",
    "length": 25.93,
    "x": 26.05,
    "rotation": 0.84,
    "color": "1aff00ff"
  }, {
    "name": "Tail05",
    "parent": "Tail04",
    "length": 25.93,
    "x": 26.05,
    "rotation": 16.4,
    "color": "1aff00ff"
  }, {
    "name": "Tail06",
    "parent": "Tail05",
    "length": 25.93,
    "x": 26.07,
    "rotation": 25.84,
    "color": "1aff00ff"
  }],
  "slots": [{
    "name": "Tail",
    "bone": "Tail01"
  }, {
    "name": "Back_Ornament",
    "bone": "Back_Ornament"
  }, {
    "name": "Head_Dress_Back",
    "bone": "Head_Dress"
  }, {
    "name": "Hair_Back",
    "bone": "Hair_Back01"
  }, {
    "name": "Hair_Right_Back",
    "bone": "Hair_Right01"
  }, {
    "name": "Hair_Left_Back",
    "bone": "Hair_Left01"
  }, {
    "name": "Forearm_Right",
    "bone": "Forearm_Right01"
  }, {
    "name": "Upperarm_Right",
    "bone": "Upperarm_Right01"
  }, {
    "name": "Pants_Right",
    "bone": "Pants_Right01"
  }, {
    "name": "Pants_Front",
    "bone": "Backbone01"
  }, {
    "name": "Pants_Left",
    "bone": "Pants_Left01"
  }, {
    "name": "Skirt_Right",
    "bone": "Skirt_Right01"
  }, {
    "name": "Skirt_Left",
    "bone": "Skirt_Left01"
  }, {
    "name": "Skirt_Front",
    "bone": "Skirt_Front_Left01"
  }, {
    "name": "Tops",
    "bone": "Backbone01"
  }, {
    "name": "Belt",
    "bone": "Belt"
  }, {
    "name": "Forearm_Left",
    "bone": "Forearm_Left01"
  }, {
    "name": "Upperarm_Left",
    "bone": "Upperarm_Left01"
  }, {
    "name": "Head",
    "bone": "Head"
  }, {
    "name": "Eyes",
    "bone": "Eyes"
  }, {
    "name": "Mouth",
    "bone": "Mouth"
  }, {
    "name": "Face_Ornament",
    "bone": "Face_Ornament"
  }, {
    "name": "Fringe_Back",
    "bone": "Fringe_Back"
  }, {
    "name": "Hair_Right_Front",
    "bone": "Hair_Right01"
  }, {
    "name": "Fringe_Front",
    "bone": "Fringe_Front"
  }, {
    "name": "Hair_Left_Front",
    "bone": "Hair_Left01"
  }, {
    "name": "Head_Dress",
    "bone": "Head_Dress"
  }, {
    "name": "Bubble",
    "bone": "Bubble"
  }, {
    "name": "Bubble_Word",
    "bone": "Bubble"
  }, {
    "name": "Bubble_Name",
    "bone": "Bubble_Name"
  }, {
    "name": "Bubble_Name_Word",
    "bone": "Bubble_Name"
  }],
  "skins": {
    "default": {}
  },
  "animations": {},
  "Ver": "1.1"
}